الموظف,القسم,المتبقي الكلي,إجمالي الإجازات,مرات الخصم بالشهر,ساعات التأخير بالشهر
Ahmed Samir,العام,21,21,0,0
Hana Sameh,العام,21,21,0,0
Sara Aboelanwar,العام,21,21,0,0
Marwa Elbaz,العام,21,21,0,0
Hind Essam,العام,21,21,0,0
Nadine Mostafa,العام,21,21,0,0
Bassant,العام,21,21,0,0
Haydi,العام,21,21,0,0
Nada Yousef,العام,21,21,0,0
Aya Gamal,العام,21,21,0,0
Sondos,العام,21,21,0,0
Nada Nasser,العام,21,21,0,0
Farah Elshafy,العام,21,21,0,0
Sara Ahmed,العام,21,21,0,0
Rana Essam,العام,21,21,0,0
Merna Osama,العام,21,21,0,0
Mariam Nageeb,العام,21,21,0,0
Reem Atta,العام,21,21,0,0
Amal Essam,العام,21,21,0,0
Salma Mostafa,العام,21,21,0,0
Alyaa Essam,العام,21,21,0,0
Alyaa Ebrahim,العام,21,21,0,0
Esraa Emad,العام,21,21,0,0
Rawan Nabil,العام,21,21,0,0
Nada Ehab,العام,21,21,0,0
Donia Hatem,العام,21,21,0,0
Basmala Elwakeel,العام,21,21,0,0
Farah Zahed,العام,21,21,0,0
inji Khaled,العام,21,21,0,0
Omar,العام,21,21,0,0
Mallak Hassona,العام,21,21,0,0
Tasnem,العام,21,21,0,0
Aya Samir,العام,21,21,0,0
Fatma Essam,العام,21,21,0,0
Khloud Zaky,العام,21,21,0,0
Semoon,العام,21,21,0,0
Nada emad,العام,21,21,0,0
sara shrif,العام,21,21,0,0
Rawan yahia,العام,21,21,0,0
Shaza,العام,21,21,0,0
Malak ehab,العام,21,21,0,0
Mariam shaker,العام,21,21,0,0
Khaled Hosny,العام,21,21,0,0
Maya,العام,21,21,0,0
Hader ali,العام,21,21,0,0
Basmalla osama,العام,21,21,0,0
Lojain,العام,21,21,0,0
Rana ismial,العام,21,21,0,0
Nader,العام,21,21,0,0
Ahmed amer,العام,21,21,0,0
Mariam saad,العام,21,21,0,0
Rawan Swelam,العام,21,21,0,0
Mariam Waleed,العام,21,21,0,0
Zahraa,العام,21,21,0,0
Amany Gamal,العام,21,21,0,0
Ismail Othman,العام,21,21,0,0
Kareem,العام,21,21,0,0
Farah khaled,العام,21,21,0,0
Lama,العام,21,21,0,0
Menna Hosny,العام,21,21,0,0
Safaa,العام,21,21,0,0
Nada Hossam,العام,21,21,0,0
Rawan Tharwat,العام,21,21,0,0
Rania Ahmed,العام,21,21,0,0
Yahya,العام,21,21,0,0
Mohamed Rada,العام,21,21,0,0
Shahd Ehab,العام,21,21,0,0
Yara Louay,العام,21,21,0,0
Sama Ahmed,العام,21,21,0,0
Omar Megahd,العام,21,21,0,0